Date,Open $,High $,Low $,Close $,Change $,Change %,Volume
14/10/2019,8.25,8.31,8.25,8.27,0.07,0.85,271436
15/10/2019,8.28,8.34,8.27,8.32,0.05,0.6,252874
16/10/2019,8.34,8.41,8.34,8.4,0.08,0.96,248954
17/10/2019,8.4,8.42,8.34,8.41,0.01,0.12,208074
18/10/2019,8.4,8.4,8.36,8.37,-0.04,-0.48,250322
21/10/2019,8.37,8.37,8.35,8.36,-0.01,-0.12,181943
22/10/2019,8.35,8.4,8.35,8.4,0.04,0.48,361315
23/10/2019,8.4,8.4,8.36,8.37,-0.03,-0.36,178107
24/10/2019,8.37,8.43,8.37,8.43,0.06,0.72,131239
25/10/2019,8.4,8.43,8.36,8.42,-0.01,-0.12,272419
28/10/2019,8.45,8.5,8.45,8.5,0.08,0.95,313369
29/10/2019,8.5,8.5,8.44,8.44,-0.06,-0.71,169900
30/10/2019,8.46,8.5,8.45,8.5,0.06,0.71,231396
31/10/2019,8.5,8.5,8.37,8.37,-0.13,-1.53,430024
01/11/2019,8.43,8.46,8.34,8.37,0,0,446614
04/11/2019,8.41,8.42,8.33,8.34,-0.03,-0.36,385580
05/11/2019,8.37,8.41,8.34,8.41,0.07,0.84,163268
06/11/2019,8.42,8.46,8.41,8.45,0.04,0.48,197955
07/11/2019,8.45,8.45,8.42,8.45,0,0,222233
08/11/2019,8.45,8.5,8.45,8.5,0.05,0.59,209994
11/11/2019,8.51,8.53,8.45,8.48,-0.02,-0.24,324477
12/11/2019,8.5,8.52,8.46,8.5,0.02,0.24,211741
13/11/2019,8.48,8.5,8.45,8.5,0,0,212464
14/11/2019,8.5,8.52,8.47,8.49,-0.01,-0.12,160696
15/11/2019,8.5,8.55,8.48,8.48,-0.01,-0.12,160128
18/11/2019,8.51,8.59,8.5,8.5,0.02,0.24,283449
19/11/2019,8.51,8.54,8.51,8.52,0.02,0.24,141020
20/11/2019,8.53,8.6,8.52,8.58,0.06,0.7,240961
21/11/2019,8.57,8.57,8.46,8.46,-0.12,-1.4,321904
22/11/2019,8.49,8.52,8.48,8.51,0.05,0.59,167264
25/11/2019,8.5,8.52,8.48,8.48,-0.03,-0.35,243442
26/11/2019,8.5,8.57,8.5,8.56,0.08,0.94,146770
27/11/2019,8.56,8.57,8.52,8.57,0.01,0.12,176762
28/11/2019,8.55,8.6,8.55,8.59,0.02,0.23,237728
29/11/2019,8.59,8.6,8.535,8.56,-0.03,-0.35,238553
02/12/2019,8.57,8.6,8.57,8.6,0.04,0.47,268983
03/12/2019,8.57,8.6,8.55,8.6,0,0,315980
04/12/2019,8.57,8.57,8.5,8.51,-0.09,-1.05,271848
05/12/2019,8.54,8.59,8.54,8.54,0.03,0.35,298408
06/12/2019,8.56,8.57,8.52,8.52,-0.02,-0.23,202084
09/12/2019,8.56,8.59,8.52,8.52,0,0,300837
10/12/2019,8.55,8.59,8.48,8.48,-0.04,-0.47,214789
11/12/2019,8.51,8.53,8.5,8.53,0.05,0.59,136381
12/12/2019,8.54,8.59,8.54,8.55,0.02,0.23,121715
13/12/2019,8.57,8.64,8.56,8.63,0.08,0.94,153677
16/12/2019,8.63,8.7,8.63,8.67,0.04,0.46,181408
17/12/2019,8.7,8.81,8.68,8.68,0.01,0.12,296164
18/12/2019,8.69,8.81,8.69,8.69,0.01,0.12,223070
19/12/2019,8.7,8.78,8.69,8.7,0.01,0.12,225811
20/12/2019,8.76,8.8,8.71,8.72,0.02,0.23,144137
23/12/2019,8.74,8.76,8.7,8.7,-0.02,-0.23,106596
24/12/2019,8.75,8.81,8.71,8.71,0.01,0.11,96079
27/12/2019,8.73,8.82,8.73,8.82,0.11,1.26,37500
30/12/2019,8.83,8.9,8.81,8.83,0.01,0.11,193390
31/12/2019,8.83,8.83,8.71,8.71,-0.12,-1.36,109242
02/01/2020,8.75,8.89,8.73,8.84,0.13,1.49,120303
03/01/2020,8.88,9,8.88,8.98,0.14,1.58,91025
06/01/2020,8.98,9.04,8.94,8.96,-0.02,-0.22,149571
07/01/2020,8.96,9.08,8.95,8.97,0.01,0.11,220907
08/01/2020,9,9.06,8.91,8.91,-0.06,-0.67,224281
09/01/2020,8.93,8.99,8.92,8.97,0.06,0.67,172722
10/01/2020,8.97,8.98,8.9,8.94,-0.03,-0.33,199932
13/01/2020,8.99,9.01,8.88,9,0.06,0.67,239451
14/01/2020,8.99,9,8.93,8.93,-0.07,-0.78,206140
15/01/2020,8.92,8.98,8.9,8.94,0.01,0.11,160930
16/01/2020,8.97,9.03,8.92,8.97,0.03,0.34,212656
17/01/2020,8.95,8.98,8.93,8.93,-0.04,-0.45,241725
20/01/2020,8.95,8.98,8.89,8.89,-0.04,-0.45,290209
21/01/2020,8.89,8.9,8.8,8.81,-0.08,-0.9,232115
22/01/2020,8.82,8.9,8.82,8.89,0.08,0.91,234899
23/01/2020,8.89,8.91,8.82,8.85,-0.04,-0.45,276752
24/01/2020,8.85,8.91,8.8,8.81,-0.04,-0.45,312902
28/01/2020,8.81,8.81,8.66,8.67,-0.14,-1.59,373701
29/01/2020,8.7,8.85,8.69,8.76,0.09,1.04,325348
30/01/2020,8.8,8.82,8.67,8.68,-0.08,-0.91,371373
31/01/2020,8.76,8.79,8.73,8.75,0.07,0.81,179998
03/02/2020,8.77,8.8,8.65,8.73,-0.02,-0.23,380796
04/02/2020,8.76,8.88,8.74,8.85,0.12,1.37,209334
05/02/2020,8.9,8.92,8.85,8.87,0.02,0.23,163542
06/02/2020,8.9,8.94,8.84,8.88,0.01,0.11,284170
07/02/2020,8.9,8.98,8.9,8.94,0.06,0.68,340575
10/02/2020,8.93,8.99,8.9,8.95,0.01,0.11,273260
11/02/2020,8.97,8.99,8.92,8.99,0.04,0.45,263036
12/02/2020,8.99,9.07,8.98,9.07,0.08,0.89,310233
13/02/2020,9.09,9.11,9.05,9.05,-0.02,-0.22,227362
14/02/2020,8.85,8.99,8.78,8.87,-0.18,-1.99,356581
17/02/2020,8.9,8.9,8.85,8.88,0.01,0.11,230895
18/02/2020,8.86,8.88,8.78,8.78,-0.1,-1.13,312518
19/02/2020,8.8,8.88,8.78,8.78,0,0,207205
20/02/2020,8.8,8.87,8.74,8.76,-0.02,-0.23,352344
21/02/2020,8.8,8.83,8.74,8.76,0,0,177270
24/02/2020,8.75,8.75,8.65,8.65,-0.11,-1.26,362908
25/02/2020,8.55,8.59,8.35,8.55,-0.1,-1.16,593827
26/02/2020,8.45,8.46,8.3,8.32,-0.23,-2.69,501080
27/02/2020,8.32,8.44,8.32,8.35,0.03,0.36,449979
28/02/2020,8.25,8.28,8.02,8.16,-0.19,-2.28,915455
02/03/2020,8.05,8.19,7.9,8.19,0.03,0.37,829660
03/03/2020,8.33,8.56,8.33,8.4,0.21,2.56,660686
04/03/2020,8.35,8.36,8.27,8.32,-0.08,-0.95,280994
05/03/2020,8.41,8.49,8.28,8.3,-0.02,-0.24,436724
06/03/2020,8.2,8.25,8.17,8.17,-0.13,-1.57,285996
09/03/2020,8.15,8.15,7.82,7.83,-0.34,-4.16,660783
10/03/2020,7.65,8.1,7.5,8.1,0.27,3.45,1030302
11/03/2020,8.12,8.19,7.8,7.8,-0.3,-3.7,536258
12/03/2020,7.75,7.75,7.4,7.4,-0.4,-5.13,836344
13/03/2020,7.2,7.53,6.78,7.53,0.13,1.76,1018622
16/03/2020,7.49,7.49,7.15,7.15,-0.38,-5.05,767107
17/03/2020,7,7.24,6.9,7.09,-0.06,-0.84,824323
18/03/2020,7.14,7.19,6.8,6.81,-0.28,-3.95,612176
19/03/2020,6.8,6.87,6.18,6.43,-0.38,-5.58,945140
20/03/2020,6.47,6.72,6.36,6.4,-0.03,-0.47,559817
23/03/2020,6,6.1,5.46,5.54,-0.86,-13.44,1523930
24/03/2020,5.5,5.64,5.44,5.59,0.05,0.9,955915
25/03/2020,5.99,6.14,5.78,5.94,0.35,6.26,585360
26/03/2020,6.06,6.54,6.06,6.3,0.36,6.06,569482
27/03/2020,6.5,6.72,6.28,6.3,0,0,712272
30/03/2020,6.34,6.48,6.255,6.41,0.11,1.75,492870
31/03/2020,6.65,6.95,6.55,6.69,0.28,4.37,712064
01/04/2020,6.8,7.07,6.65,6.94,0.25,3.74,489314
02/04/2020,6.82,6.94,6.67,6.72,-0.22,-3.17,467165
03/04/2020,6.8,6.91,6.66,6.66,-0.06,-0.89,351237
06/04/2020,6.77,7,6.75,6.91,0.25,3.75,187341
07/04/2020,7.1,7.35,6.94,7.1,0.19,2.75,472884
08/04/2020,7.11,7.11,6.92,7.04,-0.06,-0.85,239824
09/04/2020,7.12,7.37,7.05,7.37,0.33,4.69,410261
14/04/2020,7.6,7.6,7.3,7.35,-0.02,-0.27,538874
15/04/2020,7.48,7.48,7.15,7.16,-0.19,-2.59,422546
16/04/2020,7.12,7.18,7.04,7.14,-0.02,-0.28,444698
17/04/2020,7.15,7.29,7.11,7.22,0.08,1.12,374920
20/04/2020,7.25,7.35,7.12,7.12,-0.1,-1.39,431804
21/04/2020,7.12,7.15,7.01,7.01,-0.11,-1.54,291670
22/04/2020,7,7.13,6.91,7.01,0,0,282462
23/04/2020,7.05,7.19,6.97,6.97,-0.04,-0.57,282042
24/04/2020,6.97,7.1,6.97,7.04,0.07,1,180480
27/04/2020,7.06,7.09,7.02,7.02,-0.02,-0.28,222338
28/04/2020,7.05,7.17,7.03,7.07,0.05,0.71,248330
29/04/2020,7.13,7.2,7.05,7.18,0.11,1.56,202058
30/04/2020,7.21,7.4,7.2,7.36,0.18,2.51,214763
01/05/2020,7.36,7.36,7.2,7.2,-0.16,-2.17,330565
04/05/2020,7.21,7.27,7.1,7.1,-0.1,-1.39,237947
05/05/2020,7.15,7.24,7.12,7.17,0.07,0.99,192339
06/05/2020,7.14,7.2,7.1,7.2,0.03,0.42,130436
07/05/2020,7.2,7.27,7.2,7.2,0,0,153630
08/05/2020,7.22,7.33,7.17,7.17,-0.03,-0.42,248446
11/05/2020,7.22,7.25,7.17,7.22,0.05,0.7,255979
12/05/2020,7.24,7.25,7.18,7.2,-0.02,-0.28,201503
13/05/2020,7.18,7.25,7.13,7.15,-0.05,-0.69,270872
14/05/2020,7.18,7.18,7.08,7.1,-0.05,-0.7,261487
15/05/2020,7.11,7.14,7.05,7.05,-0.05,-0.7,206181
18/05/2020,7.08,7.14,7.06,7.06,0.01,0.14,193672
19/05/2020,7.15,7.33,7.15,7.31,0.25,3.54,310603
20/05/2020,7.31,7.35,7.26,7.33,0.02,0.27,238253
21/05/2020,7.3,7.34,7.18,7.25,-0.08,-1.09,189725
22/05/2020,7.26,7.29,7.17,7.23,-0.02,-0.28,185696
25/05/2020,7.27,7.32,7.19,7.19,-0.04,-0.55,188255
26/05/2020,7.24,7.38,7.23,7.34,0.15,2.09,365554
27/05/2020,7.4,7.55,7.37,7.51,0.17,2.32,386369
28/05/2020,7.6,7.81,7.47,7.6,0.09,1.2,451946
29/05/2020,7.52,7.59,7.45,7.45,-0.15,-1.97,253995
01/06/2020,7.45,7.51,7.42,7.46,0.01,0.13,213172
02/06/2020,7.47,7.51,7.43,7.46,0,0,226781
03/06/2020,7.48,7.56,7.47,7.55,0.09,1.21,348254
04/06/2020,7.61,7.7,7.59,7.63,0.08,1.06,338709
05/06/2020,7.64,7.69,7.58,7.61,-0.02,-0.26,353908
09/06/2020,7.69,7.88,7.68,7.74,0.13,1.71,674631
10/06/2020,7.7,7.78,7.67,7.74,0,0,226896
11/06/2020,7.76,7.78,7.59,7.6,-0.14,-1.81,366463
12/06/2020,7.4,7.49,7.31,7.4,-0.2,-2.63,472038
15/06/2020,7.4,7.46,7.25,7.25,-0.15,-2.03,373566
16/06/2020,7.33,7.55,7.33,7.44,0.19,2.62,243109
17/06/2020,7.48,7.54,7.4,7.5,0.06,0.81,250319
18/06/2020,7.5,7.5,7.39,7.43,-0.07,-0.93,211534
19/06/2020,7.42,7.47,7.38,7.42,-0.01,-0.13,265495
22/06/2020,7.38,7.41,7.29,7.29,-0.13,-1.75,456146
23/06/2020,7.32,7.39,7.25,7.25,-0.04,-0.55,317029
24/06/2020,7.29,7.34,7.25,7.26,0.01,0.14,293426
25/06/2020,7.25,7.27,7.2,7.2,-0.06,-0.83,317917
26/06/2020,7.26,7.32,7.16,7.22,0.02,0.28,205836
29/06/2020,7.22,7.22,7.1,7.12,-0.1,-1.39,277164
30/06/2020,7.18,7.26,7.11,7.19,0.07,0.98,364381
01/07/2020,7.2,7.21,7.15,7.18,-0.01,-0.14,219739
02/07/2020,7.2,7.29,7.16,7.24,0.06,0.84,306298
03/07/2020,7.3,7.35,7.28,7.28,0.04,0.55,233734
06/07/2020,7.29,7.41,7.29,7.31,0.03,0.41,297557
07/07/2020,7.32,7.35,7.16,7.17,-0.14,-1.92,423663
08/07/2020,7.14,7.27,7.13,7.23,0.06,0.84,349452
09/07/2020,7.26,7.31,7.21,7.21,-0.02,-0.28,243827
10/07/2020,7.22,7.3,7.21,7.23,0.02,0.28,231496
13/07/2020,7.27,7.39,7.27,7.35,0.12,1.66,302771
14/07/2020,7.36,7.38,7.27,7.3,-0.05,-0.68,196479
15/07/2020,7.36,7.4,7.32,7.34,0.04,0.55,226504
16/07/2020,7.36,7.41,7.28,7.28,-0.06,-0.82,245404
17/07/2020,7.35,7.4,7.28,7.37,0.09,1.24,208473
20/07/2020,7.39,7.4,7.34,7.34,-0.03,-0.41,199579
21/07/2020,7.36,7.41,7.35,7.39,0.05,0.68,268013
22/07/2020,7.38,7.42,7.35,7.4,0.01,0.14,172042
23/07/2020,7.41,7.43,7.36,7.4,0,0,256915
24/07/2020,7.4,7.43,7.36,7.39,-0.01,-0.14,190028
27/07/2020,7.39,7.44,7.35,7.37,-0.02,-0.27,239264
28/07/2020,7.4,7.47,7.34,7.34,-0.03,-0.41,295555
29/07/2020,7.36,7.45,7.32,7.33,-0.01,-0.14,304208
30/07/2020,7.35,7.44,7.35,7.4,0.07,0.95,114602
31/07/2020,7.41,7.42,7.37,7.39,-0.01,-0.14,164890
03/08/2020,7.38,7.4,7.31,7.36,-0.03,-0.41,261281
04/08/2020,7.38,7.44,7.35,7.42,0.06,0.82,335699
05/08/2020,7.39,7.47,7.36,7.47,0.05,0.67,193484
06/08/2020,7.47,7.51,7.43,7.49,0.02,0.27,224351
07/08/2020,7.44,7.49,7.41,7.41,-0.08,-1.07,227295
10/08/2020,7.43,7.52,7.43,7.52,0.11,1.48,278965
11/08/2020,7.54,7.64,7.54,7.59,0.07,0.93,232192
12/08/2020,7.59,7.72,7.59,7.67,0.08,1.05,313714
13/08/2020,7.73,7.76,7.71,7.76,0.09,1.17,271586
14/08/2020,7.72,7.79,7.66,7.67,-0.09,-1.16,282260
17/08/2020,7.62,7.75,7.61,7.74,0.07,0.91,181403
18/08/2020,7.75,7.81,7.7,7.7,-0.04,-0.52,285354
19/08/2020,7.71,7.89,7.71,7.8,0.1,1.3,280469
20/08/2020,7.87,7.9,7.78,7.78,-0.02,-0.26,222695
21/08/2020,7.84,7.9,7.8,7.86,0.08,1.03,289652
24/08/2020,7.85,7.98,7.85,7.96,0.1,1.27,235214
25/08/2020,7.99,8.02,7.92,7.92,-0.04,-0.5,267788
26/08/2020,7.96,7.99,7.91,7.91,-0.01,-0.13,194699
27/08/2020,7.9,7.94,7.89,7.9,-0.01,-0.13,221773
28/08/2020,7.7,7.75,7.63,7.65,-0.25,-3.16,260427
31/08/2020,7.66,7.69,7.56,7.56,-0.09,-1.18,182423
01/09/2020,7.6,7.63,7.51,7.56,0,0,211738
02/09/2020,7.58,7.65,7.57,7.6,0.04,0.53,158605
03/09/2020,7.6,7.64,7.52,7.52,-0.08,-1.05,241500
04/09/2020,7.49,7.55,7.42,7.48,-0.04,-0.53,416657
07/09/2020,7.48,7.6,7.47,7.6,0.12,1.6,234474
08/09/2020,7.6,7.65,7.57,7.57,-0.03,-0.39,319326
09/09/2020,7.57,7.63,7.52,7.6,0.03,0.4,351638
10/09/2020,7.62,7.64,7.55,7.57,-0.03,-0.39,259167
11/09/2020,7.57,7.59,7.53,7.55,-0.02,-0.26,146538
14/09/2020,7.56,7.61,7.56,7.58,0.03,0.4,108894
15/09/2020,7.59,7.64,7.56,7.56,-0.02,-0.26,166448
16/09/2020,7.57,7.58,7.54,7.55,-0.01,-0.13,156242
17/09/2020,7.56,7.58,7.54,7.57,0.02,0.26,138422
18/09/2020,7.53,7.57,7.51,7.55,-0.02,-0.26,215041
21/09/2020,7.56,7.56,7.48,7.5,-0.05,-0.66,220668
22/09/2020,7.49,7.5,7.45,7.45,-0.05,-0.67,244036
23/09/2020,7.46,7.56,7.46,7.48,0.03,0.4,244248
24/09/2020,7.5,7.57,7.46,7.54,0.06,0.8,143229
25/09/2020,7.55,7.6,7.51,7.54,0,0,154592
28/09/2020,7.5,7.58,7.5,7.52,-0.02,-0.27,175237
29/09/2020,7.56,7.58,7.48,7.49,-0.03,-0.4,206574
30/09/2020,7.48,7.49,7.41,7.41,-0.08,-1.07,275935
01/10/2020,7.43,7.52,7.42,7.46,0.05,0.67,239139
02/10/2020,7.49,7.53,7.46,7.46,0,0,148641
05/10/2020,7.5,7.55,7.48,7.49,0.03,0.4,141906
06/10/2020,7.52,7.55,7.49,7.55,0.06,0.8,117212
07/10/2020,7.52,7.6,7.52,7.58,0.03,0.4,154995
08/10/2020,7.56,7.7,7.55,7.61,0.03,0.4,162459
09/10/2020,7.6,7.64,7.53,7.53,-0.08,-1.05,195233
12/10/2020,7.64,7.67,7.52,7.56,0.03,0.4,291833
